{
  "dataset": "dHCP",
  "mode": "standard",
  "num_classes": 88,
  "total_voxels": 10325150430,
  "background_ratio": 0.7961263396333877,
  "class_ratios": [
    0.7961263396333877,
    0.00030757421129408186,
    0.0003408222498894866,
    0.0001969439587138296,
    0.0002237100578494913,
    0.0003732445378037945,
    0.0003908501892887192,
    0.00038743822931401107,
    0.00039645669356121914,
    0.0004642267473482224,
    0.00042028704854424093,
    0.0011397051384170486,
    0.0011602935067358626,
    0.0009559363872628827,
    0.0010387749866420106,
    0.0002886900312211722,
    0.0003035945114070362,
    0.00519966700378621,
    0.005077674108037184,
    0.002711303935936941,
    0.0006947614031033541,
    0.0007650823156094202,
    0.00475320454967938,
    0.004775745819327496,
    0.0003282519729836033,
    0.00032497909088574894,
    0.00039632855983484205,
    0.0003784261572254885,
    0.001531923540217128,
    0.001575248332725744,
    0.0005031881167468859,
    0.00044228178862474937,
    0.0006201248149756981,
    0.0005507390946554955,
    0.0006950668708078086,
    0.0006807354573331867,
    0.010227605177855021,
    0.010179546120181805,
    0.007245600488553851,
    0.007303213692742295,
    0.0007973582618301862,
    0.0007707954527109006,
    0.0017175527969523249,
    0.0016760770816198172,
    8.816840066125797e-05,
    7.372618976942112e-05,
    0.001271507382774277,
    0.0013488592824308129,
    0.001207619984283367,
    0.001233906768368507,
    0.0010890928976034298,
    0.0002590697363815551,
    0.00024276798841757892,
    0.00024103251733447142,
    0.00022872741816314633,
    0.0002362186407389708,
    0.00020274319625578568,
    0.0011492868874356922,
    0.0011218662699909933,
    0.0011562432994014983,
    0.0012455516350283334,
    0.00030835773498749886,
    0.00032556368285280274,
    0.001139964795650924,
    0.0011237970893175646,
    0.002968140484515924,
    0.0030546970926795497,
    0.00024786282944257306,
    0.0002293295401411406,
    0.0004465155283940982,
    0.0004546089697988061,
    0.0015909277168758887,
    0.0014795921961206718,
    0.0005837517855902077,
    0.0004931811923247688,
    0.0005335143577176919,
    0.0005555059985697467,
    0.0005364373175529608,
    0.0005348189391948646,
    0.012305872816227822,
    0.012329279739123374,
    0.007186016368770716,
    0.007228311055222079,
    0.03202772823911293,
    0.020013799837684303,
    0.003144183924495132,
    0.00017275312472130248,
    0.0001517290242520951
  ],
  "class_counts": [
    8220124218,
    3175750,
    3519041,
    2033476,
    2309840,
    3853806,
    4035587,
    4000358,
    4093475,
    4793211,
    4339527,
    11767627,
    11980205,
    9870187,
    10725508,
    2980768,
    3134659,
    53687344,
    52427749,
    27994621,
    7173516,
    7899590,
    49077552,
    49310294,
    3389251,
    3355458,
    4092152,
    3907307,
    15817341,
    16264676,
    5195493,
    4566626,
    6402882,
    5686464,
    7176670,
    7028696,
    105601562,
    105105345,
    74811915,
    75406780,
    8232844,
    7958579,
    17733991,
    17305748,
    910352,
    761234,
    13128505,
    13927175,
    12468858,
    12740273,
    11245048,
    2674934,
    2506616,
    2488697,
    2361645,
    2438993,
    2093354,
    11866560,
    11583438,
    11938386,
    12860508,
    3183840,
    3361494,
    11770308,
    11603374,
    30646497,
    31540207,
    2559221,
    2367862,
    4610340,
    4693906,
    16426568,
    15277012,
    6027325,
    5092170,
    5508616,
    5735683,
    5538796,
    5522086,
    127059988,
    127301668,
    74196700,
    74633399,
    330691112,
    206645494,
    32464172,
    1783702,
    1566625
  ],
  "description": "Class distribution for all 88 classes (0=background, 1-87=brain regions)"
}