{
  "dataset": "dHCP",
  "mode": "foreground_only",
  "num_classes": 87,
  "total_voxels": 2105026212,
  "class_ratios": [
    0.0015086510476193537,
    0.001671732627336994,
    0.0009660098237294539,
    0.001097297500065524,
    0.0018307639011955448,
    0.0019171195954684863,
    0.0019003839368818274,
    0.001944619490562429,
    0.0022770315033017745,
    0.0020615073462087606,
    0.005590252003949868,
    0.005691237919844012,
    0.0046888665536484065,
    0.00509518976004086,
    0.0014160241725294012,
    0.001489130625609521,
    0.02550435889774089,
    0.02490598392605669,
    0.013298941761586008,
    0.003407803645914885,
    0.003752727616866369,
    0.023314461226290897,
    0.02342502612029232,
    0.0016100754378634786,
    0.0015940219560553386,
    0.001943990994825674,
    0.0018561797367300432,
    0.007514082679745748,
    0.00772659072237719,
    0.002468136962087387,
    0.00216939151349627,
    0.0030417112924767706,
    0.0027013744378020124,
    0.0034093019645495986,
    0.0033390064028333342,
    0.0501663881418689,
    0.04993065853566673,
    0.03553965958880896,
    0.03582225226941735,
    0.0039110410849363805,
    0.0037807505458274074,
    0.008424593907147034,
    0.008221155585306318,
    0.00043246587373136237,
    0.00036162685084892423,
    0.0062367418159256635,
    0.006616152768362772,
    0.005923374221622282,
    0.00605231085835049,
    0.005341999038252356,
    0.0012707366705227516,
    0.0011907766210751585,
    0.0011822641380011471,
    0.0011219076449201005,
    0.0011586520804806016,
    0.0009944550752225977,
    0.005637250468594165,
    0.005502752380928547,
    0.00567137165891025,
    0.0061094289119474395,
    0.0015124942301668594,
    0.0015968893787817594,
    0.005591525622294721,
    0.005512223046845366,
    0.014558724649268167,
    0.014983284683202796,
    0.0012157668087032828,
    0.0011248610523240364,
    0.002190158000749874,
    0.002229856318767778,
    0.007803498078246258,
    0.007257397515010136,
    0.002863301637595,
    0.0024190530127232448,
    0.0026168871288145272,
    0.0027247560943910944,
    0.00263122424244663,
    0.002623286099014144,
    0.0603602878081406,
    0.06047509873002949,
    0.03524739957014844,
    0.03545485494410556,
    0.15709595924024533,
    0.09816765835123006,
    0.015422217459779546,
    0.0008473538190791897,
    0.0007442306376373046
  ],
  "class_counts": [
    3175750,
    3519041,
    2033476,
    2309840,
    3853806,
    4035587,
    4000358,
    4093475,
    4793211,
    4339527,
    11767627,
    11980205,
    9870187,
    10725508,
    2980768,
    3134659,
    53687344,
    52427749,
    27994621,
    7173516,
    7899590,
    49077552,
    49310294,
    3389251,
    3355458,
    4092152,
    3907307,
    15817341,
    16264676,
    5195493,
    4566626,
    6402882,
    5686464,
    7176670,
    7028696,
    105601562,
    105105345,
    74811915,
    75406780,
    8232844,
    7958579,
    17733991,
    17305748,
    910352,
    761234,
    13128505,
    13927175,
    12468858,
    12740273,
    11245048,
    2674934,
    2506616,
    2488697,
    2361645,
    2438993,
    2093354,
    11866560,
    11583438,
    11938386,
    12860508,
    3183840,
    3361494,
    11770308,
    11603374,
    30646497,
    31540207,
    2559221,
    2367862,
    4610340,
    4693906,
    16426568,
    15277012,
    6027325,
    5092170,
    5508616,
    5735683,
    5538796,
    5522086,
    127059988,
    127301668,
    74196700,
    74633399,
    330691112,
    206645494,
    32464172,
    1783702,
    1566625
  ],
  "description": "Class distribution for brain regions 1-87 (mapped to classes 0-86)"
}