{
  "dataset": "PPREMOPREBO",
  "mode": "foreground_only",
  "num_classes": 87,
  "total_voxels": 211266739,
  "class_ratios": [
    0.0014120490589860433,
    0.001499611351505738,
    0.0008141698064454907,
    0.0008681347611466659,
    0.0015035021674661244,
    0.0015189565641944235,
    0.001466269614735711,
    0.0013819260020859223,
    0.0016070915923968514,
    0.0014381156325795326,
    0.0036626588911376156,
    0.0035954973489698253,
    0.002852185833189767,
    0.003073910276051546,
    0.0009097456651707016,
    0.0009647140906548474,
    0.018826243159837858,
    0.01891079504000864,
    0.011095045112614721,
    0.00286613029039086,
    0.0030590475484169803,
    0.01769090590260874,
    0.01749492143200071,
    0.0012969007866401535,
    0.0012567004217355767,
    0.0013614637181482694,
    0.0013228490264148964,
    0.005219529610858432,
    0.00490641832645507,
    0.0016572935316618864,
    0.0013825697380599035,
    0.002855683780871915,
    0.002599935998444128,
    0.002744312724020415,
    0.0026665011381654356,
    0.037575034468629726,
    0.03827209166133813,
    0.026247969870922275,
    0.026946484936277642,
    0.0034220199706873878,
    0.0034194260933804637,
    0.007150193197235841,
    0.007006199873232293,
    0.0003859575832237369,
    0.0003474754253673599,
    0.0050184567860443,
    0.00531418246579742,
    0.004059990721019271,
    0.009369160566254586,
    0.007958081844582266,
    0.0009453972780826612,
    0.0009680937045182488,
    0.0008562777125082619,
    0.000871897776582806,
    0.000879404874044087,
    0.0008103925909511009,
    0.005443123728056407,
    0.0052881206255566806,
    0.00552628400251873,
    0.005794930171189891,
    0.0012616799088284313,
    0.001390843638666662,
    0.004943324277845743,
    0.0048088165927529175,
    0.013991814395355438,
    0.014343095436333686,
    0.0010526503180417813,
    0.0009546651827668908,
    0.0016771073462728083,
    0.0018275427633689181,
    0.00695287392115235,
    0.006824074659475858,
    0.0026026529429225486,
    0.002172438511487603,
    0.0023640304307437623,
    0.002374013071693221,
    0.002420958464266351,
    0.002349167703109196,
    0.05289361710647694,
    0.05160774029839122,
    0.03153494029176074,
    0.03173419550911893,
    0.17596202400795327,
    0.2093044376474235,
    0.013461162951921173,
    0.0007946305262940609,
    0.0007370682235029906
  ],
  "class_counts": [
    298319,
    316818,
    172007,
    183408,
    317640,
    320905,
    309774,
    291955,
    339525,
    303826,
    773798,
    759609,
    602572,
    649415,
    192199,
    203812,
    3977359,
    3995222,
    2344014,
    605518,
    646275,
    3737500,
    3696095,
    273992,
    265499,
    287632,
    279474,
    1102713,
    1036563,
    350131,
    292091,
    603311,
    549280,
    579782,
    563343,
    7938355,
    8085620,
    5545323,
    5692896,
    722959,
    722411,
    1510598,
    1480177,
    81540,
    73410,
    1060233,
    1122710,
    857741,
    1979392,
    1681278,
    199731,
    204526,
    180903,
    184203,
    185789,
    171209,
    1149951,
    1117204,
    1167520,
    1224276,
    266551,
    293839,
    1044360,
    1015943,
    2956005,
    3030219,
    222390,
    201689,
    354317,
    386099,
    1468911,
    1441700,
    549854,
    458964,
    499441,
    501550,
    511468,
    496301,
    11174662,
    10902999,
    6662284,
    6704380,
    37174923,
    44219066,
    2843896,
    167879,
    155718
  ],
  "description": "Class distribution for brain regions 1-87 (mapped to classes 0-86)"
}