{
  "dataset": "PPREMOPREBO",
  "mode": "standard",
  "num_classes": 88,
  "total_voxels": 1324523098,
  "background_ratio": 0.8404959948837374,
  "class_ratios": [
    0.8404959948837374,
    0.00022522748032892365,
    0.00023919401668297672,
    0.00012986334497278807,
    0.0001384709713835432,
    0.00023981461741182862,
    0.00024227965558664799,
    0.00023387587613062525,
    0.00022042273210700928,
    0.00025633754557597,
    0.000229385203216743,
    0.0005842087625111389,
    0.0005734962275455917,
    0.0004549350637296323,
    0.0004903010003982581,
    0.00014510807723188532,
    0.00015387576125154142,
    0.0030028611852867815,
    0.0030163475488141317,
    0.001769704132407663,
    0.00045715926050237895,
    0.00048793033581359256,
    0.0028217703456010247,
    0.0027905100375984534,
    0.00020686086970753606,
    0.0002004487504981208,
    0.00021715891586512748,
    0.00021099971787732463,
    0.0008325358777548476,
    0.0007825933738454141,
    0.00026434495595334645,
    0.00022052541057309671,
    0.000455493000394622,
    0.0004147002047977875,
    0.0004377288707727768,
    0.0004253176111844597,
    0.0059933684901280595,
    0.006104551904160149,
    0.0041866563205830935,
    0.004298072271141322,
    0.0005458258909124739,
    0.0005454121570932394,
    0.0011404844523141718,
    0.0011175169404256022,
    6.156178032917929e-05,
    5.54237220255709e-05,
    0.0008004639568769528,
    0.0008476333872133048,
    0.0006475847807374364,
    0.0014944186348949575,
    0.0012693459272538862,
    0.00015079465228019754,
    0.00015441482319850038,
    0.00013657972463685945,
    0.00013907118741692188,
    0.00014026859952879432,
    0.00012926086397324572,
    0.0008682000349683597,
    0.0008434764193142066,
    0.0008814644318116678,
    0.0009243145716738569,
    0.00020124299863285585,
    0.00022184513085780856,
    0.0007884800209048525,
    0.00076702550641363,
    0.0022317504349025703,
    0.002287781167860011,
    0.00016790194171457175,
    0.00015227292019636792,
    0.00026750533874041963,
    0.0002915003902785846,
    0.0011090112374922132,
    0.0010884672393987954,
    0.00041513356832377415,
    0.0003465126434510846,
    0.00037707232192035354,
    0.0003786645931334298,
    0.0003861525712705993,
    0.00037470165733568807,
    0.008436743773569134,
    0.008231641272593345,
    0.005029949277638041,
    0.005061731282846983,
    0.028066647577632504,
    0.03338489609337111,
    0.0021471094043540796,
    0.00012674675153154634,
    0.00011756533369265562
  ],
  "class_counts": [
    1113256359,
    298319,
    316818,
    172007,
    183408,
    317640,
    320905,
    309774,
    291955,
    339525,
    303826,
    773798,
    759609,
    602572,
    649415,
    192199,
    203812,
    3977359,
    3995222,
    2344014,
    605518,
    646275,
    3737500,
    3696095,
    273992,
    265499,
    287632,
    279474,
    1102713,
    1036563,
    350131,
    292091,
    603311,
    549280,
    579782,
    563343,
    7938355,
    8085620,
    5545323,
    5692896,
    722959,
    722411,
    1510598,
    1480177,
    81540,
    73410,
    1060233,
    1122710,
    857741,
    1979392,
    1681278,
    199731,
    204526,
    180903,
    184203,
    185789,
    171209,
    1149951,
    1117204,
    1167520,
    1224276,
    266551,
    293839,
    1044360,
    1015943,
    2956005,
    3030219,
    222390,
    201689,
    354317,
    386099,
    1468911,
    1441700,
    549854,
    458964,
    499441,
    501550,
    511468,
    496301,
    11174662,
    10902999,
    6662284,
    6704380,
    37174923,
    44219066,
    2843896,
    167879,
    155718
  ],
  "description": "Class distribution for all 88 classes (0=background, 1-87=brain regions)"
}