{
  "1_2": {
    "mean": 0.0003190450637564133,
    "std": 0.00018821730161399172,
    "min": 2.669070537444954e-05,
    "max": 0.0007934772123476369
  },
  "3_4": {
    "mean": 0.5250612199139384,
    "std": 0.10026011831526963,
    "min": 0.29938449701865744,
    "max": 0.9864896342883764
  },
  "5_6": {
    "mean": 0.5746758831819608,
    "std": 0.11911704735692207,
    "min": 0.29518398268398266,
    "max": 0.9573896353166986
  },
  "7_8": {
    "mean": 0.8617913847060342,
    "std": 0.10654577574267911,
    "min": 0.48956043956043954,
    "max": 1.0
  },
  "9_10": {
    "mean": 0.7736275050366226,
    "std": 0.15363745717320293,
    "min": 0.39707536557930256,
    "max": 0.9989330488130168
  },
  "11_12": {
    "mean": 0.41545575441399046,
    "std": 0.12130056079963203,
    "min": 0.1694478527607362,
    "max": 0.789883942490906
  },
  "13_14": {
    "mean": 0.7799730820134894,
    "std": 0.1334438456002797,
    "min": 0.45459472013625457,
    "max": 0.9957062146892656
  },
  "15_16": {
    "mean": 0.3011500978440568,
    "std": 0.06995796856076723,
    "min": 0.10917851686449642,
    "max": 0.5893095768374165
  },
  "17_18": {
    "mean": 0.051870434988907886,
    "std": 0.015803267060407127,
    "min": 0.015061630742864675,
    "max": 0.11680849803542165
  },
  "21_20": {
    "mean": 0.275689319371023,
    "std": 0.06530672705411233,
    "min": 0.09446008445606274,
    "max": 0.43551358820819897
  },
  "23_22": {
    "mean": 0.1721862818906262,
    "std": 0.029080751908760655,
    "min": 0.0999157815935994,
    "max": 0.3187277051129608
  },
  "25_24": {
    "mean": 0.07651160301638465,
    "std": 0.020247497363960306,
    "min": 0.041790342060551475,
    "max": 0.16081748890191808
  },
  "27_26": {
    "mean": 0.7921679525558857,
    "std": 0.1414230357553211,
    "min": 0.0,
    "max": 0.9982153480071386
  },
  "29_28": {
    "mean": 0.26276766561390624,
    "std": 0.06746695665040252,
    "min": 0.11998756605533105,
    "max": 0.4980744544287548
  },
  "31_30": {
    "mean": 0.33322382493322883,
    "std": 0.05855537517431092,
    "min": 0.12654320987654322,
    "max": 0.4628622453121195
  },
  "33_32": {
    "mean": 0.4874746764137951,
    "std": 0.19032585841936864,
    "min": 0.0952031924423813,
    "max": 0.9941165483750467
  },
  "35_34": {
    "mean": 0.8385677127394245,
    "std": 0.10956564992078772,
    "min": 0.45239087715119397,
    "max": 0.9985152190051967
  },
  "37_36": {
    "mean": 0.07500082788840311,
    "std": 0.022731493490741467,
    "min": 0.04297454459146739,
    "max": 0.16395864106351551
  },
  "39_38": {
    "mean": 0.6779604676110769,
    "std": 0.07010606574748741,
    "min": 0.4913689556951165,
    "max": 0.8938465310125031
  },
  "41_40": {
    "mean": 0.1307256831841469,
    "std": 0.04099433399787338,
    "min": 0.07110500330839314,
    "max": 0.35924617196702
  },
  "43_42": {
    "mean": 0.4725938126068744,
    "std": 0.05968859531798351,
    "min": 0.29430379746835444,
    "max": 0.6805656883102307
  },
  "45_44": {
    "mean": 0.05204747427484586,
    "std": 0.015386976602619755,
    "min": 0.023220973782771534,
    "max": 0.12811448771309653
  },
  "47_46": {
    "mean": 0.06485120993967604,
    "std": 0.015296064717291403,
    "min": 0.026630249231819735,
    "max": 0.11988933292345527
  },
  "49_50": {
    "mean": 0.5791780203205134,
    "std": 0.20248017101531135,
    "min": 0.04927575772607768,
    "max": 0.9800841514726508
  },
  "51_52": {
    "mean": 0.14971422148472105,
    "std": 0.07825553654663688,
    "min": 0.014553419182045554,
    "max": 0.4434910004185852
  },
  "53_54": {
    "mean": 0.8016241343014482,
    "std": 0.12832222856161699,
    "min": 0.32929782082324455,
    "max": 0.9990270480638257
  },
  "55_56": {
    "mean": 0.775296391981034,
    "std": 0.1755266123600924,
    "min": 0.14689265536723164,
    "max": 0.9982201881515382
  },
  "57_58": {
    "mean": 0.16153469194346776,
    "std": 0.05170906264762106,
    "min": 0.01735041349116264,
    "max": 0.31521494485707857
  },
  "59_60": {
    "mean": 0.8703031895426084,
    "std": 0.0882997902896915,
    "min": 0.5237255348202093,
    "max": 0.999890617736334
  },
  "61_62": {
    "mean": 0.22277696697048524,
    "std": 0.06769258845305591,
    "min": 0.05788397648862765,
    "max": 0.36596415205830213
  },
  "64_63": {
    "mean": 0.31433154404099856,
    "std": 0.09610561513144447,
    "min": 0.09660669314847989,
    "max": 0.5537453408681015
  },
  "66_65": {
    "mean": 0.33226014414322064,
    "std": 0.06636552010690823,
    "min": 0.18407944710790114,
    "max": 0.797979797979798
  },
  "68_67": {
    "mean": 0.07450467433773703,
    "std": 0.016064572798530193,
    "min": 0.04415728007739617,
    "max": 0.1291300170005174
  },
  "70_69": {
    "mean": 0.5596910113835623,
    "std": 0.17954767177197273,
    "min": 0.0,
    "max": 0.9937163375224417
  },
  "72_71": {
    "mean": 0.2697556561012428,
    "std": 0.0689480899209666,
    "min": 0.08052677029360968,
    "max": 0.4593033494171099
  },
  "74_73": {
    "mean": 0.3949981122146505,
    "std": 0.08534321329350829,
    "min": 0.20753621786344836,
    "max": 0.6947542337876911
  },
  "76_75": {
    "mean": 0.8153404649436702,
    "std": 0.1286239049382215,
    "min": 0.28260560375480015,
    "max": 0.9994191112401976
  },
  "78_77": {
    "mean": 0.823952264045638,
    "std": 0.11917030671732014,
    "min": 0.44239727456024475,
    "max": 0.9998299753464253
  },
  "80_79": {
    "mean": 0.04344672384583499,
    "std": 0.010854299525735057,
    "min": 0.018443804034582133,
    "max": 0.07071922961179657
  },
  "82_81": {
    "mean": 0.6231277060521009,
    "std": 0.05429435301778124,
    "min": 0.4995541789854052,
    "max": 0.8675978512516278
  },
  "87_86": {
    "mean": 0.056369668906088785,
    "std": 0.026669298943465217,
    "min": 0.008646248893994195,
    "max": 0.14522043386983904
  }
}