{
  "1_2": {
    "mean": 0.0002848570936238667,
    "std": 0.00010863680725276995,
    "min": 4.875089838764935e-06,
    "max": 0.0006161674501575511
  },
  "3_4": {
    "mean": 0.5403824280205443,
    "std": 0.12331094795941733,
    "min": 0.07567567567567568,
    "max": 0.9924433249370277
  },
  "5_6": {
    "mean": 0.5974588952315587,
    "std": 0.12388412229422802,
    "min": 0.34332833583208394,
    "max": 0.9567901234567902
  },
  "7_8": {
    "mean": 0.8263830620697349,
    "std": 0.12008114430866074,
    "min": 0.45103857566765576,
    "max": 0.994269340974212
  },
  "9_10": {
    "mean": 0.7421770410711814,
    "std": 0.16658815843526986,
    "min": 0.06896551724137931,
    "max": 0.9985163204747775
  },
  "11_12": {
    "mean": 0.43865324731056465,
    "std": 0.12725314422043446,
    "min": 0.03188405797101449,
    "max": 0.8805620608899297
  },
  "13_14": {
    "mean": 0.8075252992748203,
    "std": 0.12848145967393207,
    "min": 0.36569447277177236,
    "max": 0.9990689013035382
  },
  "15_16": {
    "mean": 0.300967331160278,
    "std": 0.07476610419008653,
    "min": 0.0018832391713747645,
    "max": 0.5876198779424586
  },
  "17_18": {
    "mean": 0.0527888110020736,
    "std": 0.014506086814897772,
    "min": 0.0,
    "max": 0.11625130577525743
  },
  "21_20": {
    "mean": 0.24543457116483344,
    "std": 0.06807881458645489,
    "min": 0.03215498302376673,
    "max": 0.42574821080026026
  },
  "23_22": {
    "mean": 0.18203998606414692,
    "std": 0.03279649619719714,
    "min": 0.07303128371089536,
    "max": 0.31698033410869103
  },
  "25_24": {
    "mean": 0.08352189845918982,
    "std": 0.02583243791661931,
    "min": 0.03482631990849437,
    "max": 0.17948356145054326
  },
  "27_26": {
    "mean": 0.806822836197233,
    "std": 0.1355237258601061,
    "min": 0.0,
    "max": 0.9964705882352941
  },
  "29_28": {
    "mean": 0.26783704004061826,
    "std": 0.07490177565986934,
    "min": 0.1299399304457793,
    "max": 0.628596724214254
  },
  "31_30": {
    "mean": 0.32950438643713037,
    "std": 0.06758352367200658,
    "min": 0.07697082557417753,
    "max": 0.5345370564770103
  },
  "33_32": {
    "mean": 0.4521114401796709,
    "std": 0.19957354709415848,
    "min": 0.05573770491803279,
    "max": 0.9986984815618222
  },
  "35_34": {
    "mean": 0.8515328099066154,
    "std": 0.10399694602420341,
    "min": 0.45235148514851486,
    "max": 0.9992821249102656
  },
  "37_36": {
    "mean": 0.0800108668853451,
    "std": 0.026208289102598026,
    "min": 0.040897499333916947,
    "max": 0.2058878679917495
  },
  "39_38": {
    "mean": 0.6857458057333916,
    "std": 0.06495860419487456,
    "min": 0.519784105713754,
    "max": 0.8944780028866199
  },
  "41_40": {
    "mean": 0.14693479129840253,
    "std": 0.048197992297267546,
    "min": 0.08066355624675998,
    "max": 0.3584257532633232
  },
  "43_42": {
    "mean": 0.48349871872066397,
    "std": 0.0694194414780054,
    "min": 0.23050880247630104,
    "max": 0.8219638242894057
  },
  "45_44": {
    "mean": 0.057000145914808335,
    "std": 0.016354599277109,
    "min": 0.02396006655574043,
    "max": 0.12775193798449613
  },
  "47_46": {
    "mean": 0.07358649130797815,
    "std": 0.018930353428226326,
    "min": 0.03498906591690097,
    "max": 0.14541622760800843
  },
  "49_50": {
    "mean": 0.5177736751619336,
    "std": 0.20928904141774027,
    "min": 0.04951783452115237,
    "max": 0.9958018471872376
  },
  "51_52": {
    "mean": 0.1427004652768814,
    "std": 0.0749744082375052,
    "min": 0.0,
    "max": 0.44412010008340286
  },
  "53_54": {
    "mean": 0.8066819860153407,
    "std": 0.14084642026810637,
    "min": 0.0,
    "max": 1.0
  },
  "55_56": {
    "mean": 0.7842031936000587,
    "std": 0.16419593779997246,
    "min": 0.14757709251101322,
    "max": 1.0
  },
  "57_58": {
    "mean": 0.1434754777187466,
    "std": 0.05993707166649099,
    "min": 0.0009305788200260562,
    "max": 0.36978353046195045
  },
  "59_60": {
    "mean": 0.8530838522532219,
    "std": 0.09489244804548404,
    "min": 0.5365989114739531,
    "max": 0.9992591220596406
  },
  "61_62": {
    "mean": 0.2090913376983529,
    "std": 0.06964298177259487,
    "min": 0.0032546786004882017,
    "max": 0.4399378399378399
  },
  "64_63": {
    "mean": 0.2714438011654487,
    "std": 0.08950753308174904,
    "min": 0.004608294930875576,
    "max": 0.5246049661399549
  },
  "66_65": {
    "mean": 0.35083433053319585,
    "std": 0.054468982467257045,
    "min": 0.16061733666809003,
    "max": 0.6393309327448019
  },
  "68_67": {
    "mean": 0.07367011945928797,
    "std": 0.01890495328832156,
    "min": 0.02559467174119886,
    "max": 0.15842900302114804
  },
  "70_69": {
    "mean": 0.6037330888431067,
    "std": 0.1861201867066372,
    "min": 0.0,
    "max": 0.989010989010989
  },
  "72_71": {
    "mean": 0.2568044080748231,
    "std": 0.07011605752750925,
    "min": 0.07996357012750456,
    "max": 0.45850317952062614
  },
  "74_73": {
    "mean": 0.3958243709604158,
    "std": 0.0893018254522774,
    "min": 0.14251748251748253,
    "max": 0.82042364843503
  },
  "76_75": {
    "mean": 0.821909072732581,
    "std": 0.12406607699422056,
    "min": 0.278899721448468,
    "max": 0.9994972347913524
  },
  "78_77": {
    "mean": 0.8087484225016894,
    "std": 0.1253254994602745,
    "min": 0.44403669724770645,
    "max": 0.9945036070079011
  },
  "80_79": {
    "mean": 0.042947951555155385,
    "std": 0.011630987493143069,
    "min": 0.02111212160582045,
    "max": 0.07547295275459653
  },
  "82_81": {
    "mean": 0.6126033525275245,
    "std": 0.05215946120141994,
    "min": 0.449455205811138,
    "max": 0.8973403111334146
  },
  "87_86": {
    "mean": 0.05673174803616772,
    "std": 0.026022724496887195,
    "min": 0.011289487312273434,
    "max": 0.1600477754553598
  }
}