{
  "1_2": {
    "mean": 0.00039313128694689665,
    "std": 9.33625449453866e-05,
    "min": 0.00012105490091091595,
    "max": 0.0008109576821938764
  },
  "3_4": {
    "mean": 0.5800272242142488,
    "std": 0.07027948478970156,
    "min": 0.3956656346749226,
    "max": 0.8534207727756115
  },
  "5_6": {
    "mean": 0.6114374841166424,
    "std": 0.09683251531322376,
    "min": 0.3949051490514905,
    "max": 0.987037037037037
  },
  "7_8": {
    "mean": 0.8868427221212031,
    "std": 0.0880764754349112,
    "min": 0.5548702679710762,
    "max": 0.9998448650325783
  },
  "9_10": {
    "mean": 0.8040101527338972,
    "std": 0.13266874291891198,
    "min": 0.4043583535108959,
    "max": 0.9997977550814036
  },
  "11_12": {
    "mean": 0.3900148018606269,
    "std": 0.09053038784191121,
    "min": 0.21173804127400692,
    "max": 0.943042537851478
  },
  "13_14": {
    "mean": 0.819859655117352,
    "std": 0.09428959424262612,
    "min": 0.5504194181688381,
    "max": 0.9999252671698677
  },
  "15_16": {
    "mean": 0.28290165359218566,
    "std": 0.04868925535910994,
    "min": 0.15711652672537374,
    "max": 0.44544404093760315
  },
  "17_18": {
    "mean": 0.058970465516133795,
    "std": 0.01098702866695835,
    "min": 0.03112199653730839,
    "max": 0.19251294305057745
  },
  "21_20": {
    "mean": 0.25188375460446216,
    "std": 0.03708767753983341,
    "min": 0.11127394006771439,
    "max": 0.35359336219859056
  },
  "23_22": {
    "mean": 0.16518153959481077,
    "std": 0.02341433815004018,
    "min": 0.06972357404316788,
    "max": 0.37888119719026775
  },
  "25_24": {
    "mean": 0.07054545094425571,
    "std": 0.01078210053948406,
    "min": 0.03858963064824563,
    "max": 0.1474494861405533
  },
  "27_26": {
    "mean": 0.8107839355064856,
    "std": 0.1124401244789227,
    "min": 0.3221673073402892,
    "max": 0.9998545666084933
  },
  "29_28": {
    "mean": 0.24812404174180655,
    "std": 0.04401264070914891,
    "min": 0.1208,
    "max": 0.6193855105371461
  },
  "31_30": {
    "mean": 0.32131494789494647,
    "std": 0.04591738335172741,
    "min": 0.10168668008606928,
    "max": 0.5259919028340081
  },
  "33_32": {
    "mean": 0.7025494247380524,
    "std": 0.14978071047005773,
    "min": 0.15596087761036215,
    "max": 0.9968078681735829
  },
  "35_34": {
    "mean": 0.7961809393900675,
    "std": 0.11666978983653624,
    "min": 0.4941094132742331,
    "max": 0.9996336325334311
  },
  "37_36": {
    "mean": 0.068191827065315,
    "std": 0.010987303599807291,
    "min": 0.04638933084870761,
    "max": 0.1654422473219198
  },
  "39_38": {
    "mean": 0.7100415036324196,
    "std": 0.044714481389894534,
    "min": 0.4741792434468356,
    "max": 0.8684765665107856
  },
  "41_40": {
    "mean": 0.11763394123008009,
    "std": 0.03293268340418643,
    "min": 0.07436706811007812,
    "max": 0.3698581402588162
  },
  "43_42": {
    "mean": 0.4502809985672785,
    "std": 0.04674977530413382,
    "min": 0.2613326258338387,
    "max": 0.6639881416757685
  },
  "45_44": {
    "mean": 0.05246552585755635,
    "std": 0.00548924661452961,
    "min": 0.03536184210526316,
    "max": 0.07928594992852168
  },
  "47_46": {
    "mean": 0.05910181813125579,
    "std": 0.007995002230781227,
    "min": 0.039221868398650564,
    "max": 0.11525008744316194
  },
  "49_50": {
    "mean": 0.7573539526468769,
    "std": 0.15177151008925624,
    "min": 0.2683715874944057,
    "max": 0.999707274235254
  },
  "51_52": {
    "mean": 0.2631795590419276,
    "std": 0.09663995886234518,
    "min": 0.031744476559055504,
    "max": 0.6807730756414528
  },
  "53_54": {
    "mean": 0.8579993374865682,
    "std": 0.1104526107418729,
    "min": 0.38287560581583197,
    "max": 1.0
  },
  "55_56": {
    "mean": 0.8171914741631235,
    "std": 0.14034204823547045,
    "min": 0.21775197013687267,
    "max": 0.9991799245530589
  },
  "57_58": {
    "mean": 0.17835455311510484,
    "std": 0.04130331962383393,
    "min": 0.06928707977805754,
    "max": 0.4908390865639936
  },
  "59_60": {
    "mean": 0.8840258733516778,
    "std": 0.08596306000960283,
    "min": 0.5658457811869196,
    "max": 0.9992284577276049
  },
  "61_62": {
    "mean": 0.24763466585252367,
    "std": 0.054076061667880586,
    "min": 0.08876168977749113,
    "max": 0.44802362562471604
  },
  "64_63": {
    "mean": 0.28462280768672504,
    "std": 0.05847450458022876,
    "min": 0.092080426754206,
    "max": 0.4765974765974766
  },
  "66_65": {
    "mean": 0.3815503036882933,
    "std": 0.05087502593971212,
    "min": 0.1740106431408254,
    "max": 0.5914114396566927
  },
  "68_67": {
    "mean": 0.08194887205026091,
    "std": 0.013205413796887822,
    "min": 0.04570028112160311,
    "max": 0.14084455570376597
  },
  "70_69": {
    "mean": 0.5330131889004942,
    "std": 0.13404702473396687,
    "min": 0.19736565543333567,
    "max": 0.9909613804437141
  },
  "72_71": {
    "mean": 0.2848261337528988,
    "std": 0.052064516774639275,
    "min": 0.09963210451235077,
    "max": 0.4295753286147624
  },
  "74_73": {
    "mean": 0.4010328448383696,
    "std": 0.06752701423657856,
    "min": 0.2283977250441263,
    "max": 0.6677652304560655
  },
  "76_75": {
    "mean": 0.8573641501205916,
    "std": 0.10460176587178548,
    "min": 0.27562561225398524,
    "max": 0.9996230208595125
  },
  "78_77": {
    "mean": 0.8657487528878556,
    "std": 0.09968877519001454,
    "min": 0.45050633582524785,
    "max": 1.0
  },
  "80_79": {
    "mean": 0.04328613756487962,
    "std": 0.0055582062536330395,
    "min": 0.02270552096910919,
    "max": 0.06414988326697472
  },
  "82_81": {
    "mean": 0.5853445419856531,
    "std": 0.041722009460163585,
    "min": 0.48313544851685664,
    "max": 0.9934997612420575
  },
  "87_86": {
    "mean": 0.05316662202289946,
    "std": 0.014754100420992395,
    "min": 0.015977299452937268,
    "max": 0.0928051076368994
  }
}